<!DOCTYPE suite SYSTEM "https://testng.org/testng-1.0.dtd" >
<suite name="YM Portal Automation Suite" preserve-order="true">

    <test name="LoginModule" >
        <classes>
            <class name="login.TestPlatformLogin" />
        </classes>
    </test>

<!--    <test name="Navigations">-->
<!--        <classes>-->
<!--            <class name="bot.TestBotNavigation" />-->
<!--            <class name="developer.TestDeveloperTabNavigation" />-->
<!--            <class name="intelligence.TestIntelligenceTabNavigation" />-->
<!--        </classes>-->
<!--    </test>-->


    <test name="DeveloperModule">
        <classes>
            <class name="developer.TestCloudFunctions" />
        </classes>
    </test>

    <test name="IntelligenceModule">
        <classes>
            <class name="intelligence.TestJourneysFunctionalities" />
        </classes>
    </test>


</suite>